netuid,name,symbol,emission_tao_day,net_flow_7d,reg_cost_tao,market_cap_tao,price_tao,tau_in,alpha_in,alpha_out,total_alpha,subnet_volume,immunity_period,tempo,is_dynamic,moving_price,owner_hk,github
64,Chutes,ش,451.74,,0.0005,411926.12,0.082896529,211988.8941,2558110.6795,2411049.3351,4969160.0146,4301983.6739,5000,360,True,0.08276037,5F4Q3cA8EvApwhBj4eLjbb1meiLtzKgWhkF5JLRMNhRfqULc,https://github.com/chutesai/chutes
120,Affine,ⴷ,407.1912,,0.176271,235516.64,0.077948702,89715.7697,1145021.7989,1876409.4407,3021431.2397,887590.95,5000,360,True,0.079318605,5Fn7rj78bfSrNcFQCHShC7aoVSneGLbiPD7xFHu3zhwFrQhs,https://github.com/AffineFoundation/affine
4,Targon,δ,293.178,,0.0005,265151.91,0.053833345,125202.8191,2325819.8729,2599601.5979,4925421.4707,1828136.5595,7520,360,True,0.053676053,5Hp18g9P8hLGKp9W3ZDr4bvJwba6b6bY3P2u3VdYf8yMR8FM,https://github.com/manifold-inc/targon
51,lium.io,ת,267.4115,,0.005,236346.72,0.049189436,105944.1669,2154263.9044,2650562.8182,4804826.7226,1472921.3311,5000,360,True,0.047918285,5FTVrwEpjvpNeKwczFtYjs62GHKKLHLCdqCThtj2unZouKg1,https://github.com/Datura-ai/lium-io
97,distil,ა,213.2244,,1.632353,13667.05,0.060155525,1336.4039,22182.337,205012.8615,227195.1986,42322.6788,5000,360,True,0.047510742,5EvHrbHz8rT8DrWazxFhzfMsmscFtPE3qhRDeY4ggKZrBcxZ,https://github.com/unarbos/distil
3,deprecated,γ,184.1816,,0.0005,163673.94,0.033865258,84087.8443,2484895.898,2348197.0762,4833092.9742,2712937.9445,10000,360,True,0.034300202,5HdTZQ6UXD7MWcRsMeExVwqAKKo4UwomUd662HvtXiZXkxmv,https://github.com/username/repo
62,Ridges,ز,180.4637,,0.0005,153134.03,0.033303304,51681.1257,1559786.335,3038376.9915,4598163.3265,3969279.7651,7400,360,True,0.031888708,5EsNzkZ3DwDqCsYmSJDeGXX51dQJd5broUCH6dbDjvkTcicD,https://github.com/ridgesai/ridges
8,Vanta,θ,177.5779,,0.0005,157657.88,0.032653414,83496.9511,2557211.9222,2271008.5137,4828220.4359,1222716.1696,1200,360,True,0.03265251,5F6tnxzAAxbhaWRmeUmB63JEM3VXBNSmqb3AwYJVDStQjw8y,https://github.com/taoshidev/vanta-network
44,Score,ף,173.549,,0.0005,150905.75,0.031964782,52697.3224,1647393.797,3073606.7492,4721000.5462,1507889.6647,7500,360,True,0.030569382,5FsREvyUXSZWYRqVyQLDdpYmZZPnkhZyW6HjooozKP1nQkwu,https://github.com/score-technologies/score-vision
56,Gradients,ج,140.6056,,0.0005,123883.87,0.025870254,63019.9471,2438688.2341,2349972.5929,4788660.827,2752747.9971,5000,360,True,0.025811642,5GU4Xkd3dCGTU3s8VLcHGc5wsD5M8XyxDca5yDQhYm1mVXFu,https://github.com/gradients-ai/G.O.D
75,Hippius,م,128.1597,,0.002322,104438.66,0.023730129,37926.9566,1595455.5322,2805643.9849,4401099.5171,1178257.0737,5000,360,True,0.023569764,5G1Qj93Fy22grpiGKq6BEvqqmS2HVRs3jaEdMhq9absQzs6g,https://github.com/thenervelab/thebrain
9,iota,ι,121.37,,0.0005,109458.22,0.022290764,47504.6389,2131306.3113,2779167.9859,4910474.2971,681457.2762,5000,360,True,0.022342888,5FsbubeciqtB5Nik3umL2iD4fG8FcC9GbT9nHJfXMj4mJJZ9,https://github.com/macrocosm-os/iota
93,Bitcast,ᚃ,101.6017,,0.005,73765.55,0.01900497,22136.0219,1163004.6556,2718377.5569,3881382.2125,758788.1277,50400,360,True,0.018949508,5DAoDtMxVqtMu2Nd5E7QhPEGXDMgrySvE1b3rRT5ARDhfNNK,https://github.com/bitcast-network/bitcast
95,nion,ᚅ,97.0923,,0.0005,45588.39,0.019060442,12845.971,673225.9063,1718554.6198,2391780.5261,165332.8041,5000,360,True,0.018586318,5ExqqyEBXLpGwqy6sSVrauozhcyAKBaMz1y5x9wAYSk7n7HP,
5,Hone,ε,91.4193,,0.0005,78907.89,0.016847719,35284.9289,2094419.7494,2589174.9093,4683594.6587,811068.4872,5000,360,True,0.016397844,5GZ2KuT2TtLbYTtsMcgAtazo6KQ4bc57ykZgyQv9oit3y7iq,https://github.com/manifold-inc/hone
17,404—GEN,ρ,84.3145,,0.0005,73750.14,0.015521972,31311.3567,2017563.6002,2733774.495,4751338.0952,542571.6802,5000,360,True,0.015499982,5E7eSeRr2aHzCV7SkY4a2Pi5NXHrU4anZz3phEQgn4HCen2B,https://github.com/404-Repo/404-gen-subnet
19,blockmachine,t,79.4272,,0.0005,69940.12,0.014614606,38067.5273,2605244.452,2180387.3501,4785631.802,1543222.4617,7000,360,True,0.014728586,5CK49hDJcseEk1V7iB1dmmztdw4igafhxLsVN82VtUVAQRfC,https://github.com/taostat/blockmachine/
34,BitMind,י,77.7603,,0.18702,65586.55,0.014357154,37107.6149,2584437.1384,1983776.5741,4568213.7124,589169.6573,5000,360,True,0.014405894,5HjBSeeoz52CLfvDWDkzupqrYLHz1oToDPHjdmJjc4TF68LQ,https://github.com/BitMind-AI/bitmind-subnet
29,Coldint,ה,75.9882,,0.0005,67219.57,0.013976827,18337.2891,1304187.0778,3505171.5199,4809358.5977,178238.3671,5000,360,True,0.013990161,5HHHHHzgLnYRvnKkHd45cRUDMHXTSwx7MjUzxBrKbY4JfZWn,https://github.com/coldint/coldint_validator
11,TrajectoryRL,λ,72.9331,,0.2,63643.46,0.013429253,25115.3929,1870817.2395,2868349.0388,4739166.2783,749953.0143,10800,360,True,0.013766899,5ECzcM7sixWNEeD6RbpeEHW1YcYMFejwHuvDBgQxVSjGyrMS,https://github.com/trajectoryRL/trajectoryRL
85,Vidaio,ᚱ,72.0047,,0.000734,53223.55,0.013446589,19019.8902,1408384.0218,2549761.3396,3958145.3614,1069768.4749,7000,360,True,0.013620654,5FR392L6eKrTGwUjQurpxw89YUe7LzKANktDwRKLYYSgwxhb,https://github.com/vidaio-subnet/vidaio-subnet
24,Quasar,ω,69.4083,,0.0005,60394.44,0.012783125,13974.4392,1083974.2369,3640570.1261,4724544.363,869466.1611,10800,360,True,0.01242374,5GE25P2qGpGmjzGipqezZckMvyR2mpcsJS387bbcpitNSfm5,https://github.com/SILX-LABS/QUASAR-SUBNET/
50,Synth,ש,64.1723,,0.8,53943.03,0.01185162,16578.9546,1398768.7532,3152763.0926,4551531.8458,1019359.3006,65535,360,True,0.012073644,5DxyiWpGqN5xXiczXcEGph51BcgTqcYKD5GKZqoACuc2sJkD,https://github.com/mode-network/synth-subnet
100,Plaτform,დ,62.6742,,0.037902,16752.26,0.013442372,2431.6536,180818.1554,1065410.0922,1246228.2476,130012.8683,5000,360,True,0.013858738,5GziQCcRpN8NCJktX343brnfuVe3w6gUYieeStXPD1Dag2At,https://github.com/PlatformNetwork/platform
15,ORO,ο,62.4559,,0.0005,9002.39,0.015151347,1403.1155,92575.9683,501588.1847,594164.153,30814.3651,5000,360,True,0.015376269,5DnqbBi4tYQZVR8DySJvmQ4gcEN94piu8hH6NiwnFzQxT5FW,https://github.com/ORO-AI/oro
1,Apex,α,60.3784,,0.001021,52651.68,0.011118274,29628.4935,2665006.7118,2070591.3997,4735598.1115,753178.773,7200,99,True,0.011290281,5HCFWvRqzSHWRPecN7q8J6c7aKQnrCZTMHstPv39xL1wgDHh,https://github.com/macrocosm-os/apex
66,Tau coding agent,ض,59.1688,,0.410062,51778.14,0.010892361,11433.5415,1023043.7487,3730575.3794,4753619.1281,745426.0914,6080,360,True,0.010163259,5DRPoRiBSPNvgSvRsehaUhtXqPgXYrds8VS42vdzT5MzcpZV,https://github.com/unarbos/tau
105,Beam,Գ,55.1097,,0.306297,17049.57,0.011519077,3379.4227,292553.9007,1187562.4355,1480116.3362,141011.984,7500,360,True,0.011697862,5HBSExJPHsaHV3TuohhRi4oajphhVXFyanhWN96Ed3DHHTY4,https://github.com/orgs/Beam-Network/repositories
107,Minos,ミ,52.736,,0.1,6827.5,0.013078874,1176.019,89943.1767,432081.6577,522024.8344,22740.7588,5000,360,True,0.012765322,5E4WJ2tAZVDTRVvSFtR1jJqAX4CokgCt9JYmPzJMWDmUT3Ju,https://github.com/minos-protocol/minos_subnet
81,deprecated,ᚠ,51.7738,,0.0005,40542.4,0.009619092,21661.4387,2252979.302,1961804.8726,4214784.1745,720661.3696,10799,360,True,0.010172676,5F9uEDDovurwEJihzZSpKypipVy84EEAPHTt3EfepTjcQfij,https://github.com/deprecated/deprecated
28,oracle,ד,50.5979,,0.0005,45676.63,0.009292087,12019.5705,1284506.3381,3631142.0333,4915648.3714,6047950.5977,5000,360,True,0.009157378,5Ca8L8PkbqXUtzohKtSM3i1naGQxANGLx51kJsEPNB14Admz,
33,ReadyAI,ט,48.5742,,0.026566,37744.88,0.009030598,19656.1172,2181677.1755,1997988.9844,4179666.1599,807840.2313,7200,360,True,0.009071763,5HinUfk5SqBUAbkMtgdNoum3VJvwrLgdvwW5sbXA1UPYZ8uB,https://github.com/afterpartyai/bittensor-conversation-genome-project
14,TAOHash,テ,48.3616,,0.0005,43240.54,0.008887982,23258.7856,2617584.237,2247472.7534,4865056.9905,2458481.21,5000,360,True,0.00890059,5Cf4LPRv6tiyuFsfLRQaFYEEn3zJRGi4bAE9DwbbKmbCSHpV,https://github.com/latent-to/taohash
63,Enigma,س,47.6986,,0.0005,41287.99,0.008788418,14914.9676,1712327.6538,2985672.9773,4698000.6311,1080483.1057,11500,360,True,0.008856914,5GmpedVP2r9haksUBD743wek8t89jMz96RTkV2zkVdRR4e1B,https://github.com/qbittensor-labs/quantum
102,ConnitoAI,ვ,45.888,,0.003713,892.88,0.014620288,42.6774,2919.0589,58152.139,61071.1979,742.6524,5000,360,True,0.011911577,5EEinUEy3cfBCUyhbvCcYfWU713QCsDoVXqbbRLKFtEqKkC9,
2,DSperse,β,44.7078,,0.025916,37787.6,0.008253157,12349.4511,1493666.4144,3084896.5046,4578562.9189,607201.065,5000,360,True,0.007709245,5CFxLBvpyQq3TCP7zLcu8dLcPBxhA6MdLvXiCyvJVojuK17J,https://github.com/inference-labs-inc/subnet-2
13,Data Universe,ν,44.0829,,0.008321,39570.32,0.008099175,23777.9315,2936073.9659,1949648.0852,4885722.0511,933497.8108,12000,360,True,0.0080964,5HBswBt1A9Ahx6U76abXXGd7VmabmCNBGhSK2vrP71GSxtgZ,https://github.com/macrocosm-os/data-universe
121,sundae_bar,Ⲅ,43.7873,,0.0005,26754.85,0.008332242,8178.5164,984293.1274,2226708.9468,3211002.0742,490349.064,5000,360,True,0.008538786,5EL9y2gdesAcPiPmoyFKABToiui3RkXewiKxdTMmes34ZdNf,https://github.com/sundae-bar/bittensor-subnet
91,Bitstarter #1,ᚁ,42.9552,,0.0005,3286.22,0.011775035,526.1772,44695.7283,234387.6781,279083.4064,7586.9996,5000,360,True,0.011961552,5DnPJe7FP8U1oqy2XmQRBEAKD2tdReJmzjhNdogrbN1eCztw,
74,Gittensor,ل,42.4013,,0.0005,33537.0,0.007870965,8773.6252,1110805.769,3150044.3982,4260850.1672,229017.2295,5000,360,True,0.007450461,5Dnffftud49iScqvvymjuvS4D1MP4ApenAQG2R5wg4bXGH7L,https://github.com/entrius/gittensor/tree/main
39,deprecated,מ,42.3533,,0.0005,38127.96,0.007779655,18447.8658,2381096.8519,2519886.2637,4900983.1155,914553.1311,15000,360,True,0.008227945,5G3qVaXzKMPDm5AJ3dpzbpUC27kpccBvDwzSWXrq8M6qMmbC,https://github.com/deprecated/deprecated
54,Yanez MIID,ت,41.7407,,0.0005,35907.44,0.007694467,10283.1229,1328277.1911,3338379.8459,4666657.037,623601.6,5000,360,True,0.007448642,5DUB7kNLvvx8Dj7D8tn54N1C7Xok6GodNPQE2WECCaL9Wgpr,https://github.com/yanez-compliance/MIID-subnet
114,SOMA,Є,41.533,,0.054952,6702.1,0.009842508,1187.7433,120828.9076,560105.7086,680934.6162,38552.4518,5000,360,True,0.009859099,5H1nRfbCbDGh3t17er9Y8hwFEsXCrjBbaN6jLrnez8KpUKju,https://github.com/DendriteHQ/SOMA
115,HashiChain,Ѕ,40.9614,,0.0005,16062.58,0.008245175,6306.9464,765960.4898,1182158.848,1948119.3378,132386.3665,21845,360,True,0.008238319,5EhTo9AXu6JCK2voyEz2ftwFq9cmYR1ACj8qobD67MGZKgTV,https://github.com/hashi115/hashichain
124,Swarm,𑀁,40.569,,0.0005,26308.14,0.007672174,8705.6849,1131023.0216,2298010.4602,3429033.4818,162340.4469,5000,360,True,0.007693283,5GZPtUjyp5d4j7aWWV9774caQAxxbsxNNM3nuaJYDPAEDjmt,https://github.com/swarm-subnet/swarm
46,RESI,ץ,39.865,,0.1,34381.73,0.007347187,10543.0944,1415672.1945,3263905.5853,4679577.7799,950402.2465,10800,360,True,0.007130573,5CDnZ6oeCrXKoL2VJQuQFxSfr49yQWz2DvdaYx47hr9QdM6D,https://github.com/resi-labs-ai/RESI-models
52,Dojo,ا,38.6033,,1.0,34057.58,0.007101949,18837.0225,2652374.0704,2143151.4353,4795525.5056,738138.9054,10800,360,True,0.007087372,5EgfUiH6A99dhihMzp7eMM8UDkvmFjCWgM5gnpBN8UgLrVuz,https://github.com/tensorplex-labs/dojo
38,colosseum,ם,38.0414,,0.0005,6710.96,0.008851044,1049.4503,118355.7935,639855.8626,758211.6561,25938.608,5000,360,True,0.008854197,5DDDD2gnwrXoAM764HRn4i6nXF2wHY2JXCfs4k9LaE9voi3v,https://github.com/TAO-Colosseum/tao-colosseum-subnet
18,Zeus,σ,38.017,,1.0,31835.23,0.007023342,12716.1972,1812512.5835,2720261.8924,4532774.4759,719671.3248,65535,360,True,0.007117312,5HdrwVQQbMa8Wh271PDzvMHmM44wYM5wfnXCW3o97gDisuaY,https://github.com/Orpheus-AI/Zeus
71,Leadpoet,ㄴ,36.9923,,0.02013,31079.71,0.006832257,6343.7888,916101.9302,3632864.9748,4548966.9051,1028655.0425,10000,360,True,0.006588259,5FNVgRnrxMibhcBGEAaajGrYjsaCn441a5HuGUBUNnxEBLo9,https://github.com/leadpoet/leadpoet
12,Compute Horde,μ,36.263,,0.0005,33498.38,0.006647925,14733.8925,2216545.9254,2822377.4202,5038923.3457,414328.9698,1466,360,True,0.006641156,5ELzhHvgUqmnAYs74vFWjMMehXNeHkRtkreAa3g8QQS96PCp,https://github.com/backend-developers-ltd/ComputeHorde/
126,Poker44,𑀃,35.4564,,0.005398,4012.07,0.009036174,625.133,69176.565,374824.393,444000.958,13271.585,5000,360,True,0.009166738,5DqrUa2z6E9taJdY8FGiPCrtCswsEjHjPbVo5xcTw2GqvKZm,https://github.com/Poker44/Poker44-subnet
10,Swap,κ,35.1462,,0.0005,31006.28,0.006465962,16530.4699,2558045.9525,2237261.919,4795307.8715,788909.3734,12600,360,True,0.006408524,5EvNESR7DfSMmdwJ3crtBW1ENAhq3f99X4FCbTi1hDUNCWAW,https://github.com/Swap-Subnet/swap-subnet
43,Graphite,ע,33.4745,,0.5,29627.02,0.006156853,15026.3598,2439636.7939,2372402.9731,4812039.767,147040.8845,5000,360,True,0.006157269,5HjMs5JDrLH3Hknmfm1gDq7nFYAv6M7t9v3EWMctSRXJS9HC,https://github.com/GraphiteAI/Graphite-Subnet
103,Djinn,Ա,31.536,,0.090423,18696.76,0.006020505,5461.0845,780550.9105,2324963.2869,3105514.1974,345740.5129,10000,360,True,0.00602084,5FqBe8tHboYWtNxJaBjz95a94GfHPcPkR9kStsMirSJwanaN,https://github.com/Djinn-Inc/djinn/
119,Satori,Ⲃ,31.4651,,0.0005,11216.8,0.00642625,5000.2647,778452.7469,967013.2369,1745465.9838,51288.2863,3600,360,True,0.006420408,5HMwvi1dHWCBHTNTtizL5peRBwqvd8HtGrTVouN51p75JNd4,https://github.com/Satori119/Satori
67,Harnyx,ط,31.2861,,0.009336,1214.58,0.009424777,155.0571,16452.0501,112418.6879,128870.738,3288.4981,5000,360,True,0.009479356,5Cm4fATsr3S1AUX9WTkwaV1qiYtzPVdRpLWSEDmvvEkoT7Rt,https://github.com/harnyx/harnyx
49,Nepher Robotics,ר,30.9336,,0.0005,9114.26,0.006520302,1905.3792,284449.6925,1113378.6861,1397828.3785,45078.1573,5000,360,True,0.006520438,5DLYBBCdYwBgjJi76dHJuAU7tUb7rNHJmNtpYRmBesBnrAgn,https://github.com/nepher-ai/nepher-subnet
127,Astrid,𑀅,30.7002,,0.0005,17882.47,0.005872334,4733.8255,798391.5604,2246814.5288,3045206.0892,524892.4515,5000,360,True,0.005691985,5EKrpcqVNWfVfmKiq8v3LRrgb3E3ENBwYzmAziDhMK58gtb5,
41,Almanac,נ,29.4212,,0.1,24606.46,0.005435883,12559.5921,2348597.1692,2178074.7101,4526671.8792,1498393.5902,14400,360,True,0.005498503,5FCSevLkofmKZRixMawp6jyyjBty1AeSCLa7N5Fv892DYkXX,https://github.com/sportstensor/sn41
21,AdTAO,φ,28.5767,,0.0005,25103.76,0.005259092,8992.1219,1707825.0766,3065576.9037,4773401.9803,403466.7883,10800,360,True,0.005244533,5HiWPApiuXz9DDnkyFu4M2tWs2ar6LTKt54Bo18EL6pgZsdn,
112,minotaur,Ђ,28.5177,,0.000563,13218.72,0.005607857,5021.336,895406.8618,1461771.813,2357178.6748,68078.9993,5000,360,True,0.005614485,5E1ohAszHfhyQUEtz6mvCCkW4pYHsinPjxXS938fAZ2jFvCt,https://github.com/subnet112/minotaur_subnet
48,Quantum Compute,ק,28.5153,,0.0005,24279.91,0.005260842,11558.6063,2209521.2315,2405692.7062,4615213.9376,628172.1749,2000,360,True,0.005265783,5D2Qc9ud7vTJrPzk8mT1ruY8oV8UaDP3ttepD7zVNNi943ch,https://github.com/qbittensor-labs/quantum-compute
35,Cartha,ך,28.4913,,0.1,25096.04,0.005242281,10245.7456,1966126.876,2821109.2821,4787236.1581,656783.2032,7200,360,True,0.005254513,5EsmkLf4VnpgNM31syMjAWsUrQdW2Yu5xzWbv6oDQydP9vVx,https://github.com/General-Tao-Ventures/cartha-cli
125,8 Ball,𑀂,28.3829,,0.0005,17385.47,0.005399529,7375.9241,1372009.848,1847802.6432,3219812.4911,196032.9225,5000,360,True,0.005384855,5CFFokuo3Xkt2cgH3cnS3Nzm36zS4Lqg9KjTR99DdUKuydnx,
58,Handshake,خ,28.3557,,0.0005,25058.96,0.005215974,8588.8044,1648048.2637,3156224.2072,4804272.471,334871.1445,5000,360,True,0.005205187,5HHaedKuMkEr4UHk4D1x1QmdXtmg1FJH4PP2G3FUzLzUAyR2,https://github.com/Handshake58/HS58
70,NexisGen,غ,28.2044,,0.05075,1478.81,0.008191507,213.0982,26014.2787,154515.9534,180530.2321,9381.7696,5000,360,True,0.008515988,5EJGfSvRcEGVQtqDuU7YYwuZRHmaktf6JEZDeFPyeXksiHrm,
6,Numinous,ζ,27.8683,,0.2,23750.43,0.005141103,10927.9333,2128113.8634,2491601.6081,4619715.4715,568503.7651,50400,360,True,0.005163545,5CfSg4e23Z3aTXvc2XZie8ZE1xkqRPoyVRFdWUuyyjGxJrMA,https://github.com/numinouslabs/numinous
36,automata,כ,27.7842,,0.013377,486.61,0.008906205,23.7563,2667.3836,51969.8583,54637.2419,524.6871,5000,360,True,0.007832605,5Eh5G8BD8NVHfqeWdKhNbrssDKKV8B74a2VghHzr2YYWrwmK,
16,BitAds,π,27.0541,,0.0005,23396.86,0.004985053,8793.7785,1763913.8656,2929487.8662,4693401.7318,302312.1483,50400,360,True,0.004982302,5FRfiDbLxWAiac97ig4c5mgkb5yxSUVJDijmwJxw5RE5Ew9g,https://github.com/FirstTensorLabs/BitAds
53,EfficientFrontier,ب,27.0335,,0.0005,23803.84,0.004974168,13438.2416,2700454.3096,2085036.6604,4785490.97,435570.76,1,360,True,0.004968847,5F2HTUqtk9VWQwXkkUX9oFSXUkAib74qw7s3W7KyZP88AmYe,https://github.com/EfficientFrontier-SignalPlus/EfficientFrontier
22,Desearch,χ,26.8287,,0.004095,24008.83,0.004930282,9429.387,1912468.5529,2957198.7973,4869667.3502,222870.6948,7200,360,True,0.004973371,5CUu1QhvrfyMDBELUPJLt4c7uJFbi7TKqDHkS1Zz41oD4dyP,https://github.com/datura-ai/desearch
60,Bitsec.ai,ذ,26.3457,,0.0005,21805.71,0.004871824,7441.8056,1529282.3585,2946599.5525,4475881.9111,643832.6006,5000,360,True,0.004942606,5CXLwkK1Scd1uiMUrXYjJUTTPxqqyH2FTJQNLp9uXQhA9rhR,https://github.com/Bitsec-AI/sandbox
25,Mainframe,א,26.2122,,0.0005,23143.66,0.004822032,11074.5681,2296867.4518,2502699.1521,4799566.604,397976.7914,21600,360,True,0.004820681,5F6aRdsBHajN2NhZHBTB6ibBFu7YuZZEWruWzB8x6B6GiZ4D,https://github.com/macrocosm-os/mainframe
73,MetaHash,ك,25.6859,,0.0005,21489.8,0.004745668,8306.6419,1754178.5362,2774120.5178,4528299.054,548411.6588,5000,360,True,0.004702948,5Dnkprjf9fUrvWq3ZfFP8WrUNSjQws6UoHkbDfR1bQK8pFhW,https://github.com/fx-integral/metahash
23,Trishool,ψ,25.3591,,0.1,22313.49,0.004666352,7368.9982,1577812.5349,3203971.0774,4781783.6123,336129.0884,15000,360,True,0.004693124,5HKsvivbcTKKTJEWQpsQD5Fur8CdyibHwZb8xQzrJw5rM28H,https://github.com/TrishoolAI/trishool-subnet
104,for sale (burn to uid1),Բ,24.9956,,1.0,17394.17,0.004694222,5763.2275,1157289.2774,2548153.6601,3705442.9375,50562.6265,0,360,True,0.004771377,5CoeuhimLNpjegk9zDBLmp9EBEy6X44Ad6naf2dCupkWYG6y,
20,GroundLayer,υ,24.979,,0.0005,21795.81,0.004599425,8933.1324,1942621.3721,2796191.4583,4738812.8303,241408.9149,5000,360,True,0.004125232,5EALa14jRfwHf69ZbNyFLxsPrZgZ47T2qhYxGjXxRM1qriNk,https://github.com/RogueTensor/comingsoon
123,MANTIS,𑀀,24.512,,0.3,14978.8,0.0046643,7579.387,1633157.1173,1578215.4311,3211372.5484,443041.4002,5000,360,True,0.004705085,5GxsywPcZyWVYYJ7iuJpfmtujaA695M4FMCiqNRRcqNba82o,https://github.com/Barbariandev/MANTIS
32,ItsAI,ח,24.2965,,0.0005,21545.17,0.004468101,8335.5352,1866370.3333,2955627.7592,4821998.0925,243802.2564,7200,360,True,0.004555642,5DWgkCSvq4brWSNLDU9FBgTk1ZpAQ2y6t3ky97CvEVuS9Qad,https://github.com/It-s-AI/llm-detection
61,RedTeam,ر,24.2591,,0.0005,21615.51,0.004459561,8163.0151,1830655.0616,3016348.9422,4847004.0038,334795.6821,14400,360,True,0.004503467,5ECEsYL82fbXx9KfTZy7G2KXSurnScciJyAVMHZjekc8jUbn,https://github.com/RedTeamSubnet/RedTeam
76,Byzantium,ن,23.9588,,0.5,2722.92,0.006100567,502.8256,82425.6741,363913.2456,446338.9197,13509.3827,100,360,True,0.006113915,5Cw4E2tJjsx1mxGaxpJHEAS9fEgjZQt7r7DeHhZ1Ce6yu5cs,
45,Talisman AI,פ,23.6224,,0.0005,20093.13,0.004358496,8349.2973,1923788.5259,2686317.6541,4610106.18,695559.1019,7200,360,True,0.004405911,5Hmiaz4bLLbLw4LgTksJvJYPYp1XJ1GYkUfRiv4HGXX674DD,https://github.com/Team-Rizzo/talisman-ai
77,Liquidity,ه,23.3542,,0.0005,18733.0,0.004330047,9880.4941,2282579.584,2043701.4489,4326281.033,297706.6201,5000,360,True,0.004329753,5DqALXRZumwGDyaJWRJ2fMzBqPxEuoqWypnexcwuYMDdohsE,https://github.com/creativebuilds/sn77
65,TAO Private Network,ص,23.3011,,0.0005,20398.97,0.004289354,7913.7788,1844764.9999,2910956.3043,4755721.3042,180329.0094,5000,360,True,0.004247191,5DAmVrUgpTX9xmRyZ7R3UUFNSzh7ZNY6qYxv9N4VeCq6mHHL,https://github.com/taofu-labs/tpn-subnet
37,Aurelius,ל,23.2497,,0.0005,20863.08,0.004271669,8971.8573,2101200.1978,2782858.2807,4884058.4786,308576.7753,5000,360,True,0.004262494,5DXqqdrvu5FK3dASRVTCdGPZKx4Q9nkAZZSmibKG6PEEeW4j,https://github.com/Aurelius-Protocol/Aurelius-Protocol
27,Nodexo,ג,22.7665,,0.0005,20405.55,0.004183271,7910.4829,1887776.0003,2990116.5666,4877892.5669,575111.906,7200,360,True,0.00416842,5Cyfk5Jjee6uCafjZyUUjtKd7Q4qh1yJ48Ts7bkT9xXaDqe1,https://github.com/neuralinternet/compute-subnet
83,CliqueAI,ᚦ,22.5614,,0.006538,11354.26,0.00439019,4444.0695,1012155.4953,1574125.3519,2586280.8472,86334.3917,5000,360,True,0.004425429,5EHGayLmiXfwz6oYmQFYmDz12RPXkhJw8Ty8RYVDeVZH9Q5L,https://github.com/toptensor/CliqueAI
98,ForeverMoney,ბ,22.5063,,0.0005,15679.48,0.004226264,6352.6356,1503454.0334,2206555.1719,3710009.2053,172878.9785,5000,360,True,0.004190939,5EJ2354xmxG8AoYoRuefW2kpLiZ8f3g68MSaFiVDAGUWRmR2,https://github.com/SN98-ForeverMoney/forever-money
59,Babelbit,د,22.1949,,0.011832,19433.12,0.004085688,7063.4991,1724672.9899,3031716.6203,4756389.6102,465739.2218,5000,360,True,0.004084896,5EF9dnwEup1QD1vAg6j9Z7yqYKbpQSMK2Rax2JhhUEFjNdve,https://github.com/babelbit/babelbit_subnet
90,ogham, ,22.0641,,0.0005,5513.19,0.00479171,1586.1824,331093.023,819474.8531,1150567.876,22109.1204,5000,360,True,0.004745266,5E7rCzjycq3GgALTXqoSFHn9ZHRtJ96Nd4YaT2RBNdH5k6AK,
122,Bitrecs,ⲅ,21.7812,,0.01,13095.75,0.004151902,4302.3739,1033885.6225,2120272.0854,3154157.7079,272610.1316,5000,360,True,0.004151566,5HVPptMPpMx3jUtUEjUfB8zLKkNM4fPnt4CLYT5Gc3BYzRX4,https://github.com/bitrecs/bitrecs-v2
7,Allways,η,21.7519,,0.0005,17744.78,0.004027203,6839.9762,1695997.0279,2710232.7066,4406229.7345,279347.7375,10800,360,True,0.004014627,5ChTwrqwqeHpX8rLw73oDWXRjTfz83U4p3kRuKgvEfAEt8EE,https://github.com/entrius/allways
106,VoidAI,Դ,21.7366,,0.0005,14988.57,0.004085758,7575.977,1861672.0969,1806819.2612,3668491.3581,290921.1499,5000,360,True,0.004063187,5D7FVSM1fJM56zHJuMBuQ5LH32mkLni52JonoeppFrezvyHy,https://github.com/v0idai/SN106
30,Pending,ו,21.7362,,0.0005,19175.81,0.003998877,8624.24,2156557.645,2638740.7254,4795298.3704,277122.6187,21600,360,True,0.004046333,5HW12NvEZoGz8ZzcWMh4xyDUy6H1Af85m5LB8V1L11erK1S1,
88,Investing,ᛉ,21.6905,,0.1,16370.7,0.004042995,6710.6821,1658513.827,2390636.9975,4049150.8245,511245.8359,21600,360,True,0.004029201,5HK4vbGgLQdFKarN3hLVqNRbgQtQR5w3WTZ2tTnFHHLPgXpY,https://github.com/mobiusfund/investing
79,MVTRX,ي,21.676,,0.001407,17033.45,0.004025975,6325.5437,1570081.5541,2660806.0768,4230887.6308,236165.4098,7200,360,True,0.004267869,5EWwdZB7qCCMaAso5Mzcks4UUcPxKYvpAj32t5Mg1v6HSxoF,https://github.com/taos-im/sn-79
111,oneoneone,Ё,21.624,,0.002065,14552.91,0.004074247,4851.2993,1189720.2007,2382206.1121,3571926.3128,81498.4121,5000,360,True,0.004019215,5CG4zutn1o8ZRQKUfMqKS2DfbYUwNtbM3XqL7ZPkTkntppwK,https://github.com/oneoneone-io/subnet-111
113,TensorUSD,Ѓ,21.3612,,0.001,5117.91,0.004676075,1533.6124,328071.7127,766416.8371,1094488.5498,18071.4691,5000,360,True,0.004736919,5FRumLA6zhL7G72xfojizAeZaTGhAYqw3WQYrq1iusC3M8uB,https://github.com/TensorUSD/subnet
110,Rich Kids of TAO,Ѐ,21.0839,,0.0005,9398.89,0.004167691,2812.584,674226.4325,1580953.668,2255180.1005,62775.384,5000,360,True,0.004092161,5CCf21ieTFDMkVMs9BHe2Tb6ysVDGVHqbgKjU21CURLPq32d,https://github.com/Rich-Kids-of-TAO/rkt-subnet
26,Kinitro,ඞ,20.9894,,0.0005,18490.62,0.003861925,7662.757,1983758.8264,2804169.9037,4787928.7301,356025.9112,5000,360,True,0.004113275,5FnLxqpzUFgrzW8aLjR5oYB8BUUS7XN9efw3N3diPpaxmTgt,https://github.com/threetau/kinitro
89,InfiniteHash,ᛒ,20.2736,,0.0005,14046.73,0.003809014,6593.7801,1787428.309,1900331.2824,3687759.5914,158302.7547,5000,360,True,0.003811369,5FCN4P1KqFtsgBk29ABeDZuAnhrcHP2iTN2fG1kBefJBhBLd,https://github.com/backend-developers-ltd/InfiniteHash
86,⚒,ᚳ,19.7504,,0.0005,5745.35,0.004172395,1721.4214,412610.8768,964379.767,1376990.6439,21648.2379,5000,360,True,0.004139218,5G3xU5vFLHWP7f8wGA755QkiwUXDktKHwW3dFvU9GH4MTRby,
99,Leoma,გ,19.7498,,0.05,2844.55,0.004791747,576.1354,120341.3153,473293.5022,593634.8176,14300.2162,5000,360,True,0.004844366,5C7LM2i42XgL2oB4x3rcmB7KDiof4B92KZzUpg5miZ6DogjU,
101,eni,ე,19.6007,,0.000546,8416.24,0.003894476,2874.5643,738624.1572,1422447.212,2161071.3692,113840.7385,5000,360,True,0.003894613,5H6Dezn7frLQbNFk2pEKFtzE2YjRJu7KfdsitF3waiUAS2Zj,
42,Unknown,ס,19.3163,,0.000757,16125.03,0.00356944,8801.6044,2466366.8568,2051158.2276,4517525.0843,335313.4694,5000,360,True,0.003522359,5Gbdb5s2WrRaFXTgMUiVNBKACe3cgSLwZNyK2Vwvjfvf6jUJ,
69,ain,ع,19.2986,,0.0005,17294.55,0.003546133,6632.9525,1870609.6486,3006407.5274,4877017.176,193387.1862,5000,360,True,0.00354507,5DPbvQvifGf4JEgUfXwZz1htsVK7onAurspVfehhWSqZEDuA,
31,Halftime,ז,19.1358,,0.0005,3956.7,0.004311202,861.1283,199807.4459,717963.773,917771.219,12046.2421,5000,360,True,0.004217551,5CDZ527X1CiStK1ViGkbC4EjVoouwiGW4ijRKRFfrLpQfftn,
108,TalkHead,Զ,19.0419,,0.01,4688.87,0.004146792,1502.9685,362485.4049,768236.8419,1130722.2468,17754.0656,5000,360,True,0.004155189,5EHmE35kPeBBJXWv6BUJumrn5QGpGEM1xXcEY4QGn4QtWf2q,https://github.com/talkheadai/talkhead-subnet
92,TensorClaw,ᚂ,18.9199,,0.05,4453.74,0.004155635,1290.599,310600.8159,761134.9026,1071735.7185,19108.1009,5000,360,True,0.004139191,5GCR7hqR4JjBNrApho6NJkeD6wy5zHvvWU3RpxkGamjzPTDf,https://github.com/tensorclaw/tensorclaw
80,dogelayer,ى,18.7201,,0.0005,3927.01,0.004205388,812.9848,193353.9779,740451.1866,933805.1646,15986.2652,5000,360,True,0.004183919,5HTwtytUfeUhK4p8NRCGppjUZrhJ5ckoRHeVWEQafg2N1Zo6,https://github.com/dogelayer-ai/dogelayer
128,ByteLeap,න,18.6938,,0.0005,11186.71,0.003565201,4142.9765,1156324.9406,1981425.9881,3137750.9286,72098.5167,5000,360,True,0.00355697,5FpsgU3JFa8S2GnngH92J9vtHHi4PYgZzxGXnwdFNwEwt9h8,https://github.com/byteleapai/byteleap-Miner
116,TaoLend,ⴵ,18.5908,,0.0005,8797.01,0.003645939,3239.5218,888550.9173,1524274.1869,2412825.1042,41155.3888,360,360,True,0.003644061,5FFFjWqpNcu2yweMNaYcya5bq6zRuAAWJsudCyN462nLKhtj,https://github.com/xpenlab/taolend
40,Chunking,ן,18.5423,,0.0005,16685.0,0.00340606,7050.7088,2070542.8213,2828079.0143,4898621.8356,156853.0528,14400,360,True,0.003394363,5F9Qvcz22Fwq4cm58o2bShiL6n8BnJmhqXB1cispBpqRfN6w,https://github.com/VectorChat/chunking_subnet
72,StreetVision by NATIX,ق,18.5074,,0.205376,14723.7,0.00343382,7857.9456,2288879.1734,1998967.9323,4287847.1056,187629.5813,21600,360,True,0.003422872,5Fmvr2VJs9EpyR5NbNpLTKgEXS8fRnQA6F349xqswsz6VL88,https://github.com/natixnetwork/streetvision-subnet
47,EvolAI,צ,18.4288,,0.05,2986.18,0.004363637,589.7837,135186.4509,549145.8451,684332.296,8625.3215,5000,360,True,0.004394834,5GjN9n3ndtbRTir5HCRsaaFjxfoQpffnYsAc5VG9iWMfdEWj,https://github.com/openevolai/evolai.git
87,Luminar Network,Ы,18.1696,,0.001,3562.05,0.004137473,742.6062,179596.648,681327.02,860923.668,13105.1632,5000,360,True,0.004120329,5Do9743TzawQr4TKapjkxEnvNeaZC6Ldk1GephdJai7cQsN5,
55,NIOME,ث,18.1562,,0.000514,14941.67,0.003359025,6642.0484,1977840.196,2470377.0364,4448217.2324,319537.5564,7200,360,True,0.003340019,5DJ5fT174AY8GzbYHnamYQCJd4cTcj2Zf7ogUvBhry1KfYVd,https://github.com/genomesio/subnet-niome
82,Hermes,ᚢ,18.0921,,0.214852,14185.2,0.003360977,4672.234,1390790.2587,2829769.1544,4220559.4131,350484.8514,5000,360,True,0.003373025,5FCAjxt6tXMDMHEZM27gB4Fv57hLtoy5bzPAm8MxpPkXseCJ,https://github.com/SN-Hermes/hermes-subnet
94,Bitsota,ᚄ,17.8573,,0.0005,4423.89,0.003884362,1431.7581,368797.3479,770099.6363,1138896.9842,20437.4994,5000,360,True,0.003899106,5Ef5EsPQoMVmJ8rYectQ26BEvscvATEGm365bcQjo1Y6bxGr,https://github.com/AlveusLabs/SN94-BitSota
84,ChipForge (Tatsu),モ,17.6472,,0.1,14021.37,0.003274581,5362.7938,1637576.1641,2644306.2359,4281882.4,128981.9333,5000,360,True,0.003274433,5HjH8ZqfoWG6SS6UTvLHEmQVBA6gjTCdpcy7wveoDGWSPZwk,https://github.com/TatsuProject/ChipForge_SN84
117,BrainPlay,Ⲁ,17.3926,,0.2,6660.11,0.003513387,2788.0706,794141.1247,1101497.6757,1895638.8004,82095.1108,21600,360,True,0.003523187,5CV93B17wmt9cfx6LyYmZN47jxTqDRbGHMgdUo2iHTU5fQF2,https://github.com/shiftlayer-llc/brainplay-subnet
57,Sparket.AI,ح,17.2813,,0.025,15537.84,0.003174618,7309.4717,2303544.8943,2590850.4957,4894395.39,276169.8167,28800,360,True,0.003172437,5GmhjCqDTsRcKqPFw4FDig8tVBfFGNrwP8ywe5En5hnELwDQ,https://github.com/sparket-ai/sparket-ai
109,Academia,՞,16.4336,,0.000563,3024.84,0.003790397,664.5089,175394.1224,622634.1165,798028.2389,14670.2789,5000,360,True,0.003933889,5DyQkk4x6CwDtjtxe1NG2aMgQVXe9ZpZdT14SdYYwEVd3XUk,https://github.com/fx-integral/academia
118,HODL Exchange,ⲁ,15.9859,,0.0005,5889.95,0.003248193,2441.438,752750.6516,1060548.9826,1813299.6342,78897.7096,300,360,True,0.003234014,5GgNjJnxjanxRKwV7xppNJXC8muPpfvntZ5Mx5SF8RAdLN5w,https://github.com/mobiusfund/etf
78,Loosh,و,12.5196,,0.25,10251.16,0.00231721,4125.5033,1785836.6133,2638088.4155,4423925.0287,257107.337,1200,360,True,0.002329665,5HEFmnv5f8jW24xb6Z61xsaj4mRPGxUybxuJ88uiTej98bzJ,https://github.com/Loosh-ai/loosh-inference-subnet
68,NOVA,ظ,0.4234,,0.289205,82543.74,0.017644554,35899.7577,2034557.8398,2643584.7655,4678142.6053,1318483.9173,5000,360,True,0.017457154,5CSuegTfX4Gf7SoXXJoPEyMEicXBjm5Z1QgoPPcU424rQbbb,https://github.com/metanova-labs/nova/
0,root,Τ,0.0,,0.0005,6050613.36,1.0,5025713.524,1581551.0169,4469062.3409,6050613.3578,47213611.7234,4096,100,False,,5C4hrfjw9DjXZTzV3MwzrrAr9P1MJhSrvWGWqi1eSuyUpnhM,
96,Verathos,᚛,0.0,,0.000546,1.68,2.827869091,1.6816,0.5947,0,0.5947,0.682,5000,360,True,,5CvncLna3yCgwfevMR7pirCdXwpjBJ3xr5xQThNMJtmR5hwt,https://github.com/verathos-ai/verathos
